time,filter,magnitude,error
55959.06999999983,r,15.582,0.005
55959.06999999983,V,15.676,0.007
55959.06999999983,B,15.591,0.008